st_abbv,rectype,rtnum,strcture,latmap,longmap,year,bridgecond
AK,1,10808,NO DATA ENTERED,0,0,2008,F
AK,1,00391,CHINIAK HIGHWAY,57.603997,-152.405456,1974,F
AK,1,80007,8000700,55.796342,-131.627775,1999,G
AK,1,00966,MENDENHALL LOOP RD,58.404167,-134.584722,1985,F
AK,1,06590,NO DATA ENTERED,56.348847,-132.718797,2004,G
AK,1,NSPCY,DIMOND DRIVE,61.177222,-149.844722,1978,G
AK,1,NSPCG,"OLD GLENN, EAGLE R",61.403789,-149.45725,2011,G
AK,2,00000,EGAN DRIVE,58.3574,-134.5189,2008,NA
AK,1,20500,TRAIL RIVER CG RD,60.425,-149.366667,1965,F
AK,1,20520,2052000-4.24,55.82,-133,1977,G
AL,1,00000,PARK DR,34.088469,-86.590642,1960,F
AL,2,00459,CO RD 18,33.332569,-86.997931,1982,NA
AL,1,?????,LEE RD.97,32.63625,-85.465694,1999,G
AL,1,00031,US 31,32.7802,-86.5532,1925,F
AL,1,00A24,CO RD A24,34.486172,-87.896472,1929,F
AL,1,00000,UNPAVED ROAD,34.237475,-86.752822,1927,F
AL,1,00229,COUNTY ROAD 7759,31.866667,-85.85,2004,G
AL,1,00502,502,33.044983,-85.857236,1957,F
AL,1,00045,CO RD NO 45,34.013111,-87.926972,1919,F
AL,1,00035,HORSE CRK BLVDCR30,33.7567,-87.172267,1967,F
AR,1,00036,SH 36 O/P WHITE CO,35.23605,-91.701881,1995,G
AR,1,00066,SH 66/STONE COUNTY,35.871911,-92.323219,1956,F
AR,1,00027,REPUBLICAN RD,35.283089,-92.422139,2009,G
AR,1,00103,SH 103-SEC 1,35.548544,-93.556519,1992,G
AR,1,00324,SH 324,35.040380999999996,-92.936681,1991,G
AR,1,00082,US 82 SEC.02-16.77,33.358975,-93.418028,1970,F
AR,1,00412,US 412-08- LM 6.99,36.068839,-90.697675,1936,G
AR,2,00282,"I 49, SB LN",35.586667,-94.218333,1992,NA
AR,1,00181,SH 181-02- LM 5.99,35.7854,-90.073711,1964,F
AR,1,00129,CLEAR CREEK RD,34.598831,-93.752969,1974,F
AZ,1,00060,US 60,33.7063,-113.8284,1932,F
AZ,1,00060,STAPLEY DRIVE,33.388889,-111.808333,1980,G
AZ,1,00077,SR 77,32.7529,-110.6471,1961,G
AZ,1,00000,ALLEY ROAD,32.2469,-111.0108,1987,G
AZ,1,00000,HAYS RANCH RD,34.276139,-112.749278,1997,G
AZ,1,00000,PEDESTRIAN BRIDGE,33.437683,-111.988133,1990,N
AZ,1,00000,TONAPAH DRIVE,33.671944,-112.17075,1985,F
AZ,1,00000,ROMERO ROAD,32.2699,-111.0051,1967,G
AZ,1,00093,US 93,35.2758,-114.1717,1938,G
AZ,1,00000,DOUBLE ADOBE RD,31.452047,-109.637661,1969,G
CA,1,00014,STATE ROUTE 14,34.466408,-118.329922,1963,G
CA,1,00000,WEST OCEAN AVE,34.644117,-120.514942,1962,F
CA,2,0L031,INTERSTATE 605,33.831228,-118.083622,1966,NA
CA,1,00000,ORANGE STREET,34.132231,-117.213211,1992,F
CA,1,00012,W12-W80 CONNECTOR,38.239931,-122.093125,1987,G
CA,1,00000,BROAD ST,39.262181,-121.017139,1967,F
CA,1,00022,STATE ROUTE 22,33.765808,-117.937992,2007,F
CA,1,00005,INTERSTATE 5,34.36205,-118.555203,1967,G
CA,1,00005,INTERSTATE 5,39.815047,-122.200019,1966,G
CA,2,00010,INTERSTATE 605,34.064811,-117.999978,1971,NA
CO,1,00591,FDR 591,37.7062,-107.7613,1937,G
CO,1,00000,COUNTY ROAD 122,39.563506,-105.220311,1991,G
CO,1,00000,KINNICKINIK ROAD,39.620278,-106.428056,1980,F
CO,1,00000,COUNTY ROAD 51,40.484861,-104.583722,1982,F
CO,1,00000,COUNTY ROAD 54,38.954917,-102.166028,2010,G
CO,1,00000,COUNTY RD 71.1,37.196836,-104.502092,1935,F
CO,2,0070B,COUNTY ROAD 29,39.072361,-108.515222,2010,NA
CO,1,00000,COUNTY ROAD 31,40.297278,-103.565056,1950,F
CO,1,00000,RAMP EB PROBY PKWY,38.781089,-104.755294,2012,G
CO,1,00000,MOORE STREET,39.768589,-105.115622,1986,G
CT,1,00000,STURGES ROAD,41.155,-73.272611,1930,F
CT,1,00291,I-291 TR 802,41.843833,-72.663006,1993,G
CT,1,00000,BROOKLYN TURNPIKE,41.722425,-72.086667,1940,F
CT,2,00012,INTERSTATE-95 SB,41.364889,-72.078861,1964,NA
CT,B,00372,INTERSTATE-84 WB,41.690611,-72.825939,1969,NA
CT,1,00015,ROUTE 15,41.142428,-73.426972,1938,F
CT,1,00000,EAST JOHNSON AVE,41.549528,-72.870725,2016,G
CT,1,00000,SULLIVAN DRIVE,41.312419,-72.674844,2004,G
CT,1,00000,FOOTE ROAD,41.779911,-72.961511,1975,F
CT,1,00044,US ROUTE 44,42.005008,-73.357336,1990,G
DC,A,0000_,SOUTHBOUND I-695,38.874694,-76.991208,2012,NA
DC,B,0000_,RAMP 1 WHITEHURST,38.903003,-77.055422,1964,NA
DC,1,00000,NEW YORK AVENUE,38.918333,-76.956667,1954,F
DC,A,0000_,"C STREET, S.W.",38.886322,-77.023917,1970,NA
DC,A,0000_,14TH ST NB&AMP;SB&,38.879242,-77.036206,1969,NA
DC,1,00015,JOYCE ROAD,38.960556,-77.041833,1950,F
DC,A,0000_,KENILWORTH AVE,38.901944,-76.944167,1956,NA
DC,B,0000_,CALVERT STREET,38.923275,-77.047558,1933,NA
DC,2,00000,RAMP FR BENNING RD,38.895494,-76.9523,1955,NA
DC,1,00000,31ST STREET N.W.,38.904336,-77.062789,1900,P
DE,1,00389,MARKET ST,39.001969,-75.465581,1996,G
DE,1,00001,KOREAN WAR VET MEM,39.442275,-75.66475,1999,F
DE,2,00263,SR 4 TO SR 141 S,39.712811,-75.608742,1978,NA
DE,1,0013A,NORTH STATE ST,39.174231,-75.529964,1937,F
DE,1,00495,I 495 SB,39.736794,-75.520689,1976,F
DE,2,00232,POWDER MILL/SR141,39.784292,-75.558369,1997,NA
DE,2,00000,KIRKWOOD HGWY/SR2,39.739847,-75.587408,1949,NA
DE,1,00013,US13NB/DUPONT PKY,39.472544,-75.650958,1933,F
DE,B,00095,SEVENTH ST,39.746286,-75.558703,1964,NA
DE,1,00206,RD 206,38.891167,-75.38825,2014,G
FL,1,00907,RAMP        SR-907,25.774722,-80.140789,1958,G
FL,1,00019,US-19 (SR-20),30.197222,-83.652222,1955,F
FL,1,00836,SR 836 (RAMP),25.781853,-80.336678,1974,F
FL,1,00075,I-75 NB (SR 93),26.510556,-81.794444,1977,G
FL,1,0115A,SR-115A,30.328489,-81.634161,1967,F
FL,1,00387,LONG AVENUE,29.799622,-85.295742,1955,F
FL,2,00441,SR91/826 TO I-95SB,25.924917,-80.211756,1967,NA
FL,A,00836,SB SR 826 OFF-RAMP,25.780761,-80.320711,2015,NA
FL,1,00295,SR295 LILLIAN HWY,30.430739,-87.272522,1973,G
FL,1,00528,SR 528 WB 7.1,28.446019,-81.367114,1973,G
GA,1,00057,SR 57,32.858989,-83.35055,1954,F
GA,1,00152,WESTOVER RD (SBL),31.553008,-84.224758,1986,F
GA,1,00283,SR 283,34.389569,-83.859519,1957,F
GA,1,02226,SAVANNA ESTATES DR,34.166939,-84.37265,2003,G
GA,1,00189,SPIVEY BRIDGE RD,31.335639,-82.740028,1986,G
GA,1,00009,CHAMBERS-BROOKS SP,32.983958,-82.948128,2005,G
GA,1,00293,SR 293,34.258878,-85.1588,1973,G
GA,2,00085,I-85,33.901983,-84.2418,1985,NA
GA,1,00018,SR 18,32.770108,-83.334969,2001,G
GA,A,00075,I-75,33.759478,-84.378883,1988,NA
GU,1,00000,WITHINGTON RD,13.38285,-144.704006,1983,F
GU,1,00000,STROOP LOOP,13.370583,-144.700306,1960,G
GU,1,00000,DISPOSAL RD,13.354256,-144.695872,1957,F
GU,1,00000,STROOP ROAD,13.370503,-144.704711,1960,F
GU,1,00000,FIRE BREAK RD,13.359869,-144.710992,1959,F
GU,1,00000,FIRE BREAK RD,13.3763,-144.712811,1959,P
GU,1,00000,SMITH RD,13.374572,-144.701311,1944,P
GU,1,00000,SMITH RD,13.454156,-144.759975,1946,G
GU,1,00000,NORTON RD,13.378556,-144.706225,1960,F
GU,1,00000,HARMON RD,13.376133,-144.694228,1945,F
HI,1,00099,KAM HWY,21.393417,-157.968686,1945,G
HI,1,00240,HONOKAA-WAIPIO RD,20.115661,-155.577967,1979,G
HI,1,00000,MANAGERS DR.,21.393569,-158.013769,1990,P
HI,1,57000,MAHUKONA BCH RD,20.184019,-155.899778,1978,G
HI,1,00056,KUHIO HWY,22.071872,-159.319503,1948,F
HI,1,00083,KAM HWY,21.693161,-157.97791900000001,1931,F
HI,1,00000,MARCONI STREET,21.437772,-158.152,1960,F
HI,1,00000,KAHAU PL,21.391703,-158.154631,1964,F
HI,1,000H2,FAI-H2 WIC #16,21.401058,-157.988644,1973,G
HI,1,00083,KAM HWY,21.458592,-157.839694,1980,F
IA,1,00000,LOCAL,41.503775,-94.500164,1953,F
IA,1,00010,IA 10,42.983019,-95.673325,1969,F
IA,1,00000,LOC 170TH AVE,43.009536,-94.415881,1976,F
IA,1,00000,FM,42.870436,-96.272925,1961,F
IA,1,00000,FM,42.515397,-92.928044,1989,F
IA,1,00175,IA 175,42.260261,-94.826214,1980,F
IA,1,00000,OLD LINCOLN HWY,41.345725,-95.854769,1942,F
IA,1,00000,LOCAL,42.493839,-96.036631,1960,P
IA,A,00029,480/6 EBTO29NB,41.2615,-95.909786,1966,NA
IA,1,00080,EBI235 TO WBI80,41.653097,-93.573747,2009,G
ID,1,00020,US 20,43.568978,-116.194994,1970,F
ID,1,06719,STC 6719;E 113 N,43.598056,-111.887222,1949,F
ID,1,00091,US 91,42.133333,-111.913611,2006,F
ID,1,00000,EDEN ROAD,42.575833,-114.210556,1966,F
ID,2,07441,I 15  SBL,42.851667,-112.415556,1964,NA
ID,1,50198,NO DATA ENTERED,44.810067,-116.316728,1970,F
ID,1,00000,BIG FLAT ROAD,44.3175,-116.554722,1991,G
ID,2,00086,STC 1718,42.888333,-112.633611,1972,NA
ID,1,00000,300 WEST ROAD,42.619444,-113.724722,1995,F
ID,1,00000,HIGH TOP LANE,43.904897,-111.777764,2017,G
IL,1,00080,FAI 80 EB,41.430383,-90.157842,2003,F
IL,1,00038,ILL 38,41.934017,-89.060306,1983,F
IL,1,00000,TR 137,39.050008,-90.163036,2007,G
IL,1,00178,ILL 178,41.25,-89.01,1934,F
IL,1,00003,ILL 3 & ILL 146,37.415136,-89.389125,2005,F
IL,1,00000,TR-30,39.182469,-88.7497,1998,G
IL,2,00050,I- 55 EB STEVENSON,41.81,-87.74,1963,NA
IL,1,00029,IL 29 SB,39.622333,-89.359211,2005,G
IL,B,00000,TR 37,39.420853,-89.644053,1971,NA
IL,1,00000,DELAVAN RD,40.320386,-89.546364,1964,P
IN,1,00000,LAGRO RD,40.588181,-85.660508,1958,F
IN,1,00000,MILL ROAD,39.823511,-85.504031,1970,F
IN,1,00000,DIVISION RD,40.41675,-86.982764,1994,G
IN,1,00005,CR 5,41.732181,-86.015433,1956,G
IN,1,00000,SNEAKVILLE RD,39.217331,-84.887328,1990,F
IN,1,00061,CR 500 E,39.928111,-85.710967,1976,F
IN,1,00116,CR 750 S,39.930219,-86.766831,1998,F
IN,1,00051,CR 200E,40.628811,-85.183411,1971,F
IN,1,00065,I-65 SB,38.762961,-85.830033,1959,G
IN,1,00000,JOHNSTOWN RD,39.169161,-87.009361,1918,F
KS,1,00000,FALCON RD.,39.976361,-95.6739,1999,G
KS,1,03509,13TH ST  A.70-2.09,39.321586,-94.934872,1970,F
KS,1,01138,RS 1138,37.1766,-95.104972,1983,G
KS,1,00000,LACKMAN Q.0-0.13,38.740208,-94.760314,2003,G
KS,2,00135,24TH STREET,38.071667,-97.326944,1959,NA
KS,1,00000,I-13.4          85,39.821814,-97.218744,2005,G
KS,1,00000,31.5-E.9     LOCAL,37.531639,-95.970694,1993,G
KS,1,00000,270 RD.,38.464111,-97.104806,2000,G
KS,1,00000,LOCAL RD.      133,38.342806,-97.998375,1931,F
KS,1,00000,399TH STREET,38.403803,-94.971272,1935,P
KY,1,03322,KY 3322,38.406111,-85.108889,1980,P
KY,1,01286,ROLLING HILLS LANE,38.010833,-84.178611,2002,F
KY,1,01121,HARDSHELL FUGATE F,37.458611,-83.240278,2004,G
KY,1,00031,US-31E,36.894722,-86.013889,1963,F
KY,1,03519,KY 3519,36.850278,-86.89,1933,G
KY,2,00042,I-71 SB,38.295833,-85.627778,1967,NA
KY,1,00295,KY-295,37.071667,-88.100833,1977,F
KY,1,01108,KY-1108,37.557778,-84.961111,1951,F
KY,1,00817,KY-817,37.325,-84.917778,1992,G
KY,2,03064,I-64 RAMP,38.274444,-85.809167,1969,NA
LA,1,00020,I0020,32.483881,-91.9317,1968,F
LA,1,00190,US0190,30.83935,-93.352,1964,G
LA,1,00000,VASTAR ROAD,29.865667,-93.456167,2012,G
LA,1,00000,BAYOU DERBONNE RD,31.5368,-92.9809,2012,G
LA,1,00012,I0012,30.357039,-89.9293,1976,G
LA,1,00190,US0190,30.480711,-92.6329,2003,G
LA,1,00000,PINE GROVE RD,32.214889,-92.813819,2010,G
LA,1,00165,US0165,31.395639,-92.4096,1984,G
LA,1,00010,LA0010,30.704089,-91.4604,2009,G
LA,1,00010,I0010,30.448681,-91.2504,1969,G
MA,A,00084,I  90 WB,42.133333,-72.05,1957,NA
MA,1,00000,HWY   SOUTH ST,42.210111,-72.365003,2009,G
MA,1,00114,ST114 N MAIN ST,42.603167,-71.028842,1962,F
MA,1,00007,US  7 SOUTH ST,42.277894,-73.316242,1909,F
MA,1,00000,HWY   WESTON RD,42.296292,-71.299367,1997,G
MA,2,00095,US  1 NB,42.133333,-71.233333,1963,NA
MA,1,00095,I  95 NB,42.837353,-70.908872,2016,G
MA,1,00001,US  1 SB/BS U11-32,42.378572,-71.053208,1950,F
MA,1,00146,ST146 SB,42.066911,-71.666397,1983,G
MA,1,00000,HWY   POND STREET,42.009156,-70.907561,1850,F
MD,2,00170,MD 32 EBR,39.100444,-76.694308,1993,NA
MD,1,00095,IS 95 IL,38.995578,-76.889194,1963,F
MD,2,00081,IS 95 IL,38.821836,-76.887753,1963,NA
MD,1,00121,MD 121,39.231567,-77.285264,2017,N
MD,1,00795,IS 795,39.471486,-76.837133,1985,F
MD,1,00426,SPESUTIA ROAD,39.605883,-76.349311,1966,F
MD,1,00067,MD 67,39.334267,-77.687606,1969,F
MD,1,00004,MD 4 RAMP '5',38.762583,-76.656828,2003,G
MD,2,00002,IS 595,38.986042,-76.535506,1991,NA
MD,1,00000,CHERRY HILL ROAD,39.454583,-76.799044,2011,G
ME,1,00175,ROUTE 175,44.303961,-68.611889,1935,P
ME,1,00011,ROUTE 11,46.171689,-68.34055,2008,G
ME,1,00011,ROUTE 11,43.539269,-70.84855,1918,P
ME,1,00000,POPE ROAD,44.586619,-70.088269,2008,G
ME,1,00139,RTE 139,44.615219,-69.015561,1949,F
ME,1,00000,HURRICANE ROAD,43.76605,-70.447911,1976,F
ME,1,00000,FLAGGY MEADOW ROAD,43.674719,-70.463439,2008,G
ME,1,00139,ROUTE 139,44.680661,-69.724869,1952,G
ME,1,00000,ARGLYE ROAD,45.047669,-68.717711,2004,G
ME,1,00002,US ROUTE 2,46.1251,-67.991611,1918,F
MI,1,00653,TROWBRIDGE ROAD,45.271192,-84.602536,1949,P
MI,1,02017,PARR HWY,41.890392,-84.004361,1994,G
MI,2,00069,OLD US-27,42.078042,-84.989139,1968,NA
MI,1,00000,RIVER STREET,45.440042,-84.785592,1986,G
MI,1,00075,I-75,41.940817,-83.361611,1955,F
MI,1,00000,BRAGG ROAD,41.932825,-83.749611,1930,P
MI,1,00000,KOEPFGEN ROAD,43.591625,-83.194086,1979,F
MI,1,00000,PINCH HIGHWAY,42.654717,-84.766717,1992,G
MI,1,07333,TITTABAWASSEE ROAD,43.481461,-84.144756,1991,F
MI,1,00000,HYDE ROAD,43.097647,-84.709492,1910,F
MN,1,00014,CSAH 14(BOUNDARY),46.736075,-92.217078,1995,G
MN,1,00025,CNTY 25,43.609428,-93.748106,1956,P
MN,1,00061,US 61 NB,44.574631,-92.64885,1984,G
MN,2,00120,I 94 EB,44.948339,-92.985825,1962,NA
MN,1,00106,TWP 106,43.775742,-95.335669,1975,F
MN,1,00002,CSAH 2,48.193908,-96.003478,1982,G
MN,D,00394,6TH ST PED PLAZA,44.980703,-93.276528,2010,NA
MN,1,00001,CSAH 1,46.320308,-94.474656,1976,F
MN,B,00034,MSAS 433(W 82 ST),44.854561,-93.350197,1986,NA
MN,1,00414,102ND STREET,44.818358,-93.765442,1981,F
MO,1,00351,CO RD SW 1001,38.703511,-93.938172,1999,F
MO,B,00055,HOPPER RD E,37.324664,-89.590128000000007,1961,NA
MO,B,00050,JACKSON ST S,38.570553,-92.170464,2014,NA
MO,1,00024,US 24 E,39.356011,-93.479944,1974,G
MO,1,00135,MO 135 S,38.641308,-93.015081,1966,F
MO,1,00079,MO 79 S,39.430653,-91.020211,2017,G
MO,1,00340,COUNTY RD 284,36.447572,-89.957981,2010,G
MO,1,00063,US 63 S,40.187056,-92.552428,2009,F
MO,1,00412,275 ST,38.614436,-94.211261,1965,P
MO,1,0000E,RT E E,39.981022,-94.479497,2011,G
MS,1,00011,NATCHEZ TRACE PARK,34.191472,-88.791611,2001,F
MS,1,00893,STATE LINE ROAD SE,34.111,-88.251611,1961,G
MS,1,00052,CLARK ROAD,33.676436,-89.642617,1993,F
MS,A,00049,US 61,34.168453,-90.550083,2003,NA
MS,B,00059,US 11,31.72165,-89.104336,1964,NA
MS,1,00099,BURKS ROAD,33.780083,-88.335722,2016,G
MS,1,00003,CO RD 3,33.899667,-89.896444,1965,F
MS,A,00063,SR 26,30.892864,-88.62105,1999,NA
MS,1,00722,CO RD 253,33.468444,-89.371389,1988,G
MS,1,00121,BREELAND-BROWN RD,31.2325,-90.15,1960,P
MT,1,00237,JOYLAND RD,47.093025,-109.460875,1999,G
MT,1,27201,LAKE CREEK RD,48.607292,-114.956839,1969,G
MT,2,00015,S 366-LEDGER RD,48.263567,-111.936156,1972,NA
MT,1,04283,W.LEE CR. RD.,46.688256,-114.556406,1980,P
MT,1,00090,I 90,47.301025,-115.182133,1981,F
MT,1,00219,PENDROY RD,48.073239,-112.266514,1949,F
MT,1,00012,US 12,46.325556,-106.848639,2012,G
MT,2,32369,I 90,46.897792,-114.013481,1966,NA
MT,1,52004,TULLOCK RD,46.037203,-107.347992,1970,F
MT,1,00231,GREEN MEADOW DR,46.631803,-112.047069,1992,F
NC,B,00085,I85S,36.534714,-78.190897,1965,NA
NC,B,00064,US64E,35.8354,-78.303331,1973,NA
NC,1,01003,SR1003,34.642039,-79.179792,1971,F
NC,1,01501,SR1501,35.947853,-82.524575,1960,F
NC,1,01558,SR1558,35.436089,-81.884656,1965,F
NC,B,00421,US 421 W,36.090661,-80.430336,2015,NA
NC,1,00279,NC279,35.280314,-81.149,1940,F
NC,1,00052,US52,36.479242,-80.596164,1952,F
NC,1,01567,SR1567,35.863361,-79.946444,1996,F
NC,A,00029,US29 SBL,35.57365,-80.564347,1956,NA
ND,1,03039,COUNTY HIGHWAY,46.545281,-101.274375,1955,G
ND,1,02117,COUNTY HIGHWAY,46.629881,-102.55705,1990,G
ND,1,00419,COUNTY ROAD,46.8961,-103.305378,1964,F
ND,B,00094,COUNTY HIGHWAY,46.881667,-99.573333,1958,NA
ND,B,00094,COUNTY HIGHWAY,46.835,-100.35,2017,NA
ND,A,00094,COUNTY HIGHWAY,46.835,-100.413333,1965,NA
ND,1,00200,STATE HIGHWAY 200,47.489778,-101.388828,1955,G
ND,1,00000,COUNTY HIGHWAY,47.940603,-97.131464,1996,G
ND,1,00000,COUNTY ROAD,48.157111,-101.159111,1992,F
ND,1,00000,COUNTY ROAD,48.309933,-97.22295,1930,P
NE,1,00039,553 AVE,42.1,-97.465,1935,F
NE,1,00019,COUNTY ROAD J,41.24,-97.195556,2005,F
NE,1,00011,COUNTY HIGHWAY,40.518333,-97.273333,1935,F
NE,1,00109,CAMERON RD,40.995,-98.645,2002,G
NE,1,00447,COUNTY HIGHWAY,42.071667,-97.386667,1977,G
NE,1,00229,COUNTY HIGHWAY,40.938333,-97.558333,1924,F
NE,1,00017,COUNTY ROAD 24,41.175,-96.755,1945,F
NE,1,00136,US136,40.363489,-96.305889,1955,G
NE,1,00034,IRR/COUNTY HIGHWAY,42.046667,-96.483333,1935,G
NE,1,00309,COUNTY HIGHWAY,40.991667,-99.35,1989,F
NH,1,00003,CHURCH STREET,43.530603,-71.467572,1981,G
NH,2,00004,WOODBURY AVENUE,43.104531,-70.813419,2015,NA
NH,1,00115,NH115,44.374017,-71.439469,1984,G
NH,1,00000,ASHLAND ROAD,43.074672,-70.788086,1972,G
NH,1,00302,"US302,NH113",43.991742,-71.047328,1955,P
NH,1,00293,"I-293,FEE TPK",42.976756,-71.471814,2016,G
NH,2,00000,"I-293 WB,NH101 WB",42.961456,-71.418608,1961,NA
NH,1,00093,I-93 SB,44.342908,-71.891131,1981,G
NH,2,00093,NH132,43.381597,-71.607911,1959,NA
NH,1,00012,NH 12,42.827703,-72.183825,1957,P
NJ,2,00046,"NJ 94 NB,US 46 RMP",40.923331,-75.09,1952,NA
NJ,1,00015,NJ 15 NB,41.041369,-74.630439,1973,P
NJ,1,00295,I-295-SB,40.1776,-74.722789,1994,G
NJ,1,00GSP,GARDEN ST PKWY NB,40.929878,-74.072297,1956,F
NJ,D,00000,GOETHALS BRIDGE,40.64175,-74.20675,1965,NA
NJ,1,00571,RT 571,40.134361,-74.397569,2014,G
NJ,1,00543,RIVER RD (RT 543),39.962061,-75.082461,1917,F
NJ,2,00622,I-295 SOUTHBOUND,40.205381,-74.708311,1984,NA
NJ,1,09006,COMMERCE ST.,39.429189,-75.2364,1950,G
NJ,2,00000,NJTPK INT.14 NT,40.715,-74.138333,1994,NA
NM,1,00084,US-84,35.171578,-105.049331,1982,G
NM,1,00149,IRR BIA RTE 149,35.132533,-108.491719,1987,G
NM,1,04030,LEAD AVENUE WB,35.080978,-106.647239,1961,F
NM,1,00165,NM-165,35.262383,-106.407253,1935,P
NM,1,00263,FDR 263,35.722506,-105.500122,1965,G
NM,1,00025,I-25 NBL/SBL,32.440892,-106.8613,1960,F
NM,1,00380,US-380,33.604142,-105.734328,1932,F
NM,2,04035,I-40 WBLS,35.1057,-106.643578,1969,NA
NM,1,00550,US-550,35.387622,-106.638939,1970,G
NM,1,00004,NM-4,35.624386,-106.724167,2001,G
NV,2,00535,I 80W,40.852586,-115.747453,1977,NA
NV,1,00095,US 95,35.882089,-114.925894,1977,G
NV,1,00000,ACCESS RD TO P3,36.087514,-115.139817,2012,G
NV,2,00015,SR594 RUSSELL RD,36.085956,-115.180664,1993,NA
NV,1,00000,WEST ST,39.527906,-119.816422,2006,F
NV,1,00080,I 80E,40.190853,-118.456506,1976,G
NV,1,00080,I 80W,40.933831,-115.665931,1964,F
NV,1,00000,HARMON ROAD,39.481797,-118.687819,2010,G
NV,1,00080,I 80E,39.912797,-118.821111,1960,F
NV,1,00000,CROSS ROAD,40.727567,-116.050858,1976,G
NY,1,00417,RTE 417,42.119256,-77.205547,1997,F
NY,1,00000,SAVAGE ROAD,42.556628,-78.509914,2013,G
NY,1,00000,COUNTY ROUTE 007,41.843033,-74.0854,1957,P
NY,1,00086,RTE I86,42.105264,-78.899561,1971,G
NY,1,00000,CR 42,41.967147,-74.286594,1993,F
NY,1,00000,SCHOOL STREET,42.551597,-76.291822,2008,G
NY,1,00308,RTE 308,41.9387,-73.882639,1933,F
NY,1,0950D,RTE 950D,42.261453,-79.744706,1956,F
NY,1,00000,COUNTY ROAD 28,41.579553,-73.920539,1984,G
NY,1,00000,SERVICE ROAD,40.716567,-73.911303,1970,F
OH,1,C0005,CR 5,40.51,-83.678333,1990,F
OH,1,C0226,HAN CO RD 226,41.156078,-83.443631,1998,G
OH,1,00090,I 90,41.549044,-81.607667,1925,F
OH,1,T0324,GOSHEN T324-264,40.460494,-81.439294,2007,G
OH,1,00070,I70 WB,39.835786,-84.614122,1964,G
OH,1,C0017,YANKEETOWN PIKE,39.624572,-83.050953,1975,G
OH,1,00037,SR 37,40.323789,-83.192358,1976,F
OH,1,C0019,HOMER ROAD CR 19,40.270486,-82.598931,2017,G
OH,1,T0444,EAST LOCK RD,39.866128,-84.568469,2002,G
OH,1,C0146,WOLFCALE ROAD,40.887908,-84.780983,1966,G
OK,1,00000,E. 11TH ST.,36.147778,-95.786111,2002,G
OK,1,N2810,N2810,35.232994,-97.988858,2004,F
OK,1,N4305,N4305 (POPLIN),35.693333,-95.349444,1978,G
OK,1,E1400,IRR E1400,34.98555,-98.525286,1940,P
OK,1,E1910,FARRIS CEMETERY RD,34.243786,-95.897661,1938,G
OK,1,E1910,E1910,34.246106,-98.292419,1983,G
OK,1,00010,S.H. 10,36.057669,-94.898453,1974,F
OK,1,N3710,N3710,33.878636,-96.413967,2005,G
OK,1,00002,S.H. 2,35.201028,-95.240322,1932,F
OK,1,00019,S.H. 19,34.893772,-97.747972,2010,G
OR,1,00020,US 20 (HWY 33),44.627553,-123.746869,2000,G
OR,1,C2019,MURTAUGH ROAD,45.69435,-123.076181,2003,G
OR,1,00405,NW COUCH ST CO,45.523611,-122.686369,1968,F
OR,1,00104,HWY 485,46.149464,-123.924139,1929,P
OR,1,09300,NW BROADWAY RAMP,45.529175,-122.67765,1913,P
OR,1,00099,OR 99W (HWY 1W),45.078014,-123.209472,1922,F
OR,1,00000,HURRICANE CR RD,45.399489,-117.276439,1964,F
OR,1,00126,OR 126 (HWY 227)WB,44.059833,-122.956164,1966,F
OR,1,C0222,LAKE CR RD-WEST,44.359861,-123.137781,1975,F
OR,1,21360,ROAD,43.401667,-122.363333,1960,G
PA,1,00000,SR 2049(LR 06109),40.313067,-75.732125,1962,G
PA,1,00000,WHITEY DR,40.8933,-75.522197,1975,F
PA,A,00080,SR 4012 (LR 45081),41.031264,-75.309889,1962,NA
PA,1,00394,PA 394;SR 0394,39.882678,-77.162236,2004,G
PA,1,00074,SR 74-PA 74,40.494683,-77.407397,1960,F
PA,1,00015,SR 15 SOUTHBOUND,41.547111,-77.124556,2004,G
PA,1,00000,HILL ROAD,40.4087,-75.186197,1981,F
PA,1,00015,US 15; SR 0015,40.161361,-77.002778,1958,F
PA,1,00910,GIBSONIA RD,40.631244,-79.987781,1940,F
PA,1,00089,"SR 89,CHURCH RUN",41.6406,-79.6663,1984,F
PR,1,00000,SAN JOAQUIN STREET,18.163333,-66.726667,1940,F
PR,1,00605,PR 605,18.215,-66.673333,1925,F
PR,1,00053,PR-53 KM 50.45,18.616667,-65.581111,2009,G
PR,1,00933,PR 933,18.23225,-65.941472,1955,F
PR,1,00824,PR 824,18.355361,-66.246994,1942,P
PR,2,00002,PR 165,18.401667,-66.251667,1981,NA
PR,1,00827,PR 827,18.333333,-66.25,1998,G
PR,1,00155,PR 155,18.337681,-66.418289,1914,P
PR,1,00001,PR 1,18.078333,-66.248333,1926,F
PR,1,00753,PR 753,18.016667,-66.058333,1997,G
RI,1,00037,RI 37 EB,41.746503,-71.436583,1966,F
RI,1,00102,RI 102 BRONCO HWY,41.961283,-71.649336,1964,P
RI,2,00002,I-95 NB & SB,41.666592,-71.4994,1958,NA
RI,1,00095,I-95 NB & SB,41.836981,-71.414453,1963,F
RI,2,00000,RI 24 NB,41.641303,-71.187361,1968,NA
RI,2,00146,ADMIRAL ST,41.840694,-71.4179,1975,NA
RI,1,00295,I-295 SB,41.828922,-71.517417,1971,F
RI,1,00138,RI 138,41.500797,-71.318103,1969,F
RI,1,00000,GREAT ISLAND RD,41.384192,-71.507275,2016,G
RI,1,00000,DEAN ST,41.825944,-71.425939,1972,P
SC,1,00176,US 176 CON 2,34.975125,-81.942114,1958,F
SC,1,00078,US 78,33.243167,-80.850653,2011,G
SC,1,00265,SC 265,34.617375,-80.514392,1941,F
SC,1,00013,S-21-13,34.204086,-79.831403,1930,G
SC,1,00930,S-42-930,35.164556,-82.161158,1956,F
SC,1,00026,I-26,32.920792,-80.037381,1964,F
SC,1,00020,S-10-20,32.792736,-80.107933,1980,F
SC,1,00023,S-28-23,34.128294,-80.554733,1966,G
SC,1,00028,SC 28,33.655961,-82.162917,1987,G
SC,1,00348,S-26-348,33.946794,-78.825664,1997,G
SD,1,00014,US014,44.126925,-101.132678,1960,F
SD,1,00240,SD240,43.840872,-101.899694,1974,F
SD,1,00000,473RD AVENUE,43.213056,-96.746936,1982,F
SD,1,00022,SD022,44.739189,-96.457714,1954,F
SD,1,00000,161ST AVENUE,44.088489,-102.834183,1973,P
SD,1,00000,463RD AVENUE,44.667833,-96.946486,1926,F
SD,1,00000,SAGE ROAD,43.792661,-102.517556,1959,P
SD,1,00014,US014,44.311219,-96.57075,1996,F
SD,1,00000,419TH AVENUE,44.753333,-97.836444,1983,F
SD,1,00000,213TH STREET,44.296586,-96.628858,1930,P
TN,1,00152,NFA A152,35.617067,-87.82205,1995,P
TN,1,01691,NFA 1691 (SA 3906),35.662333,-88.346083,1987,G
TN,1,00571,NFA A571,35.7435,-86.996083,1984,F
TN,1,00275,I275,35.984383,-83.946967,1989,G
TN,1,00123,NFA A123,35.725133,-87.8867,1984,G
TN,1,00274,NFA A274,35.1274,-87.6726,1983,F
TN,1,00023,FAS 36,36.378733,-82.407833,2006,G
TN,1,00157,NFA A157,35.67315,-86.978033,1960,F
TN,1,00325,NFA A325,35.518333,-87.300433,2010,F
TN,1,00151,NFA A151,35.984033,-86.699700000000007,1976,F
TX,1,00209,HURST RD,31.663789,-96.936656,1972,F
TX,1,00463,LP 463,28.8636,-96.984056,1990,F
TX,1,00000,SUN CITY BLVD,30.735842,-97.696647,2006,G
TX,1,00040,IH 40 WB OFF RAMP,35.195506,-101.868661,1998,F
TX,1,00000,TANDEM BLVD,30.441975,-97.692142,1990,G
TX,1,00302,CO RD 302,29.413067,-97.365914,1930,F
TX,1,00289,E LP 289 SB,33.5756,-101.787597,1972,F
TX,1,00010,IH 10 WB,31.640933,-106.225044,1960,F
TX,1,00303,CR 303,32.750481,-99.623133,1997,G
TX,1,00000,BIBB AVE,28.72325,-100.483367,2011,G
UT,1,00167,SR-167,41.142292,-111.811378,1927,F
UT,1,02254,1700 SOUTH STREET,40.7335,-111.923556,1976,F
UT,1,02595,COUNTY ROAD,40.792889,-111.000611,1950,F
UT,2,00089,SR-126,41.343594,-112.034731,1981,NA
UT,1,00015,I-15 (SR-15) SBL,39.718889,-111.818889,1982,G
UT,2,00215,RAMP I80W TO I215S,40.707381,-111.7969,1966,NA
UT,2,00000,I-84WB NEAR ECHO,40.972903,-111.44305,2013,NA
UT,1,00000,CO.RD.TO NEBO CRK.,39.890389,-111.552833,1940,F
UT,1,00128,SR-128,38.861319,-109.294325,1988,G
UT,2,00015,I-84 (SR-84) EBL,41.185556,-112.011111,1967,NA
VA,2,00058,MILITARY HIGHWAY,36.855103,-76.209847,1999,NA
VA,2,00650,INTERSTATE-85 SBL,37.036375,-77.630492,1968,NA
VA,1,00495,RAMP NBH,38.930433,-77.211467,2012,G
VA,1,00001,BLUE RIDGE PARKWAY,37.195472,-80.028111,1960,G
VA,1,00674,PHILPOTT DRIVE/674,36.7877,-80.008975,1961,F
VA,1,00159,MIDLAND TRAIL,37.807633,-80.062931,1966,F
VA,1,00630,LITTLE MILL ROAD,36.847619,-77.492989,1950,F
VA,1,00095,I-95 RAMPS ABC&D,37.520608,-77.430922,1958,F
VA,1,00626,HALFWAY ROAD,38.940803,-77.742286000000007,1928,F
VA,1,00249,NEW KENT HIGHWAY,37.524114,-77.051986,1924,F
VT,1,00113,VT 00113 ML,43.812625,-72.216408,1970,F
VT,1,C3041,C3041,43.402814,-72.410814,1904,G
VT,1,C3003,C3003,44.743636,-72.741483,1919,F
VT,1,C3042,C3042,42.965533,-72.775056,1948,G
VT,2,00279,US 00007 RAMP,42.902267,-73.199561,1973,NA
VT,1,00001,TR 01 FAS 127,43.569328,-72.971969,2006,G
VT,1,C3033,C3033,43.971589,-73.096414,2002,G
VT,1,00091,I 00091 ML,44.401169,-72.020072,1978,G
VT,1,C3056,C3056,42.851197,-73.171406,2015,G
VT,1,PROSP,CITY PROSP,44.196575,-72.503227999999993,1947,G
WA,2,00005,I-5,47.701808,-122.329303,1964,NA
WA,1,96809,AVONDALE ROAD,47.707556,-122.090139,1995,F
WA,1,55200,KITZMILLER/5520,46.75465,-117.169167,1965,F
WA,1,94100,NE 119TH STREET,45.707731,-122.590125,2015,G
WA,1,15500,NILE ROAD,46.818333,-120.933333,1976,P
WA,1,41490,WARREN STREET,47,-122.55,2013,G
WA,2,00082,US 97,46.536361,-120.474528,1981,NA
WA,1,00012,US 12,46.632194,-120.586861,1966,F
WA,1,00101,US 101,47.168361,-123.884361,1947,F
WA,1,00000,HUDSON ROAD,46.360722,-120.204694,1978,G
WI,1,00000,CTH O,44.509322,-89.746903,1957,F
WI,1,00000,CTH HH,44.683306,-91.467611,1956,G
WI,1,00043,IH 43 NB,42.554236,-88.924089,1975,G
WI,2,00000,USH 10 WB,44.598028,-89.766917,2011,NA
WI,1,00000,LRD IRONDALE RD,46.607389,-92.193528,1930,F
WI,1,00035,STH 35,44.434089,-92.024156,1933,F
WI,1,00035,STH 35,46.639744,-92.104431,1984,G
WI,2,00043,"USH RAMP, IH 43 SB",42.955994,-88.049633,1965,NA
WI,1,00000,CTH A,45.046992,-89.785708,2010,G
WI,1,00011,STH 11 NB,42.657675,-88.257531,2007,G
WV,1,01900,US ROUTE 19,39.630831,-79.960069,1977,G
WV,1,00200,CR 02 SLS,39.351711,-79.176131,1942,P
WV,1,03000,CR 30,38.377389,-82.249581,1988,F
WV,1,04004,COUNTY ROUTE 40/4,39.130869,-79.958519,2003,G
WV,1,06400,I-64 EBL,37.791631,-80.292911,1965,F
WV,1,01500,CR 15,38.324511,-81.698889,1987,G
WV,1,11938,CO ROUTE 119/38,37.718881,-81.994061,2016,G
WV,1,01801,CR 18/1,38.221139,-82.535631,1988,F
WV,2,01900,I-64,37.754481,-81.151189,1987,NA
WV,1,27001,HARRISON CO 270/1,39.182481,-80.3775,1999,G
WY,1,00044,COUNTY ROAD 44,43.471075,-110.8063,2002,G
WY,1,00026,US 26,43.315953,-109.205786,1987,F
WY,1,00025,I-25 SBL,41.043947,-104.891742,1964,F
WY,1,00080,I-80 EBL,41.543375,-109.346028,1969,F
WY,1,00302,US 14/16 WYO 59,44.375211,-105.525231,2009,G
WY,1,0033E,COUNTY ROAD 33E,42.079311,-104.344411,1974,F
WY,1,00090,I-90 EBL,44.382744,-104.417567,1963,F
WY,1,0066B,COUNTY ROAD 66B,42.031181,-104.210503,1975,F
WY,1,00006,COUNTY ROAD 6,43.70755,-107.904219,1973,F
WY,1,00016,US 16,44.174986,-107.212864,1987,F
